coordinate,min,max,span
x,-9.105600202669775,11.433071838415684,20.53867204108546
y,-10.790600947399748,7.840311997438457,18.630912944838204
z,0.013527542849856801,22.849890400904375,22.836362858054517
