coordinate,min,max
x,-18.024242591548322,17.431173693023997
y,-24.230298409745796,23.116605660997113
z,5.573486672631849,44.77842712643666
