{
  "alpha_default": 1.5,
  "array_layout": "state_dim_by_time_by_trajectory",
  "benchmark_id": "lotka_volterra_fullobs_v1_orbit_family",
  "beta_default": 1.0,
  "created_at": "2026-04-28T22:19:42.924",
  "dataset_version": "0.1.0-dev",
  "delta_default": 1.0,
  "diagnostics": {
    "all_states_finite": true,
    "all_states_positive": true,
    "alpha": 1.5,
    "array_layout": "state_dim_by_time",
    "beta": 1.0,
    "delta": 1.0,
    "dt": 0.005,
    "family": "v1_core",
    "formal_passed": true,
    "full_state_observation_error_max": 0.0,
    "gamma": 3.0,
    "invariant_final_abs_drift_max": 2.724822589783571e-10,
    "invariant_initial_max": 1.1906501749957856,
    "invariant_initial_min": 0.6058373488128151,
    "invariant_initial_std": 0.17323717489744753,
    "invariant_max_abs_drift": 4.2196801608440637e-10,
    "invariant_max_abs_drift_by_trajectory": [
      1.0823564267070651e-12,
      1.6241452627241415e-12,
      2.1280754936015e-12,
      4.3796077875413175e-12,
      8.732126133281781e-12,
      1.7642332039713438e-11,
      1.6431078719847392e-11,
      4.311795365197213e-11,
      4.0166980852518464e-11,
      2.8048230404920105e-11,
      6.589795376044094e-11,
      1.2022938200573208e-10,
      1.9767432135608942e-10,
      1.3000756027281568e-10,
      2.5737056930097424e-10,
      2.9651170407873906e-10,
      8.017697616935493e-11,
      6.377476324814779e-11,
      1.651179193373764e-10,
      2.120330577781715e-10,
      2.0615964491099703e-10,
      1.5851919776821433e-10,
      2.8314472988455464e-10,
      4.2196801608440637e-10
    ],
    "invariant_max_rel_drift": 3.544013388196914e-10,
    "invariant_max_rel_drift_by_trajectory": [
      1.7865462220644292e-12,
      2.6756941112086505e-12,
      3.461751944433785e-12,
      7.070180470215327e-12,
      1.3454723189480556e-11,
      2.6514028796210857e-11,
      2.3769851070026985e-11,
      5.897657265077544e-11,
      5.5616118510060865e-11,
      3.87420845643523e-11,
      8.161786814460167e-11,
      1.4086376054870668e-10,
      2.15927632864485e-10,
      1.3925315287934034e-10,
      2.421948632945117e-10,
      2.699926292601807e-10,
      9.981518269924049e-11,
      7.663494703699159e-11,
      1.6777384550758224e-10,
      2.1198776792559897e-10,
      2.115752923950955e-10,
      1.625487388054719e-10,
      2.9404488501835446e-10,
      3.544013388196914e-10
    ],
    "local_frequency": 2.1213203435596424,
    "num_trajectories": 24,
    "one_step_window_counts": {
      "test": 12000,
      "train": 68000,
      "val": 16000
    },
    "positive_equilibrium": [
      3.0,
      1.5
    ],
    "rk4_self_residual_max": 0.0,
    "rollout_window_counts": {
      "h100": {
        "test": 11703,
        "train": 66317,
        "val": 15604
      },
      "h1000": {
        "test": 9003,
        "train": 51017,
        "val": 12004
      },
      "h500": {
        "test": 10503,
        "train": 59517,
        "val": 14004
      }
    },
    "smoke_passed": true,
    "split_counts": {
      "test": 3,
      "train": 17,
      "val": 4
    },
    "state_matrix_size": [
      2,
      4001
    ],
    "state_norm_max": 5.544494794503416,
    "statistics_window_counts": {
      "test": 9006,
      "train": 51034,
      "val": 12008
    },
    "system_id": "lotka_volterra",
    "trajectory_length": 4000,
    "tspan": [
      0.0,
      20.0
    ],
    "variant": "orbit_family_fixed_parameters_full_state",
    "velocity_norm_max": 6.7750402910142045,
    "x_max": 5.3045329748950945,
    "x_min": 1.4849096771094876,
    "y_max": 3.258291437466377,
    "y_min": 0.5277293109559156
  },
  "dt": 0.005,
  "family": "v1_core",
  "gamma_default": 3.0,
  "generated_files": {
    "diagnostics_table": "D:\\MyVault\\Projects\\Julia\\ODEs_dataset\\reports\\tables\\v1_core\\lotka_volterra\\orbit_family\\diagnostics.csv",
    "log": "D:\\MyVault\\Projects\\Julia\\ODEs_dataset\\reports\\logs\\v1_core\\lotka_volterra\\orbit_family.log",
    "plots": [
      "D:\\MyVault\\Projects\\Julia\\ODEs_dataset\\reports\\plots\\v1_core\\lotka_volterra\\orbit_family\\orbit_family_time_series.png",
      "D:\\MyVault\\Projects\\Julia\\ODEs_dataset\\reports\\plots\\v1_core\\lotka_volterra\\orbit_family\\orbit_family_phase_portrait.png",
      "D:\\MyVault\\Projects\\Julia\\ODEs_dataset\\reports\\plots\\v1_core\\lotka_volterra\\orbit_family\\orbit_family_invariant_drift.png"
    ],
    "processed_trajectories": "D:\\MyVault\\Projects\\Julia\\ODEs_dataset\\data\\processed\\v1_core\\lotka_volterra\\orbit_family\\full_state_clean\\observed_trajectories.jld2",
    "raw_trajectories": "D:\\MyVault\\Projects\\Julia\\ODEs_dataset\\data\\raw\\v1_core\\lotka_volterra\\orbit_family\\full_state_clean\\raw_trajectories.jld2",
    "split": "D:\\MyVault\\Projects\\Julia\\ODEs_dataset\\data\\processed\\v1_core\\lotka_volterra\\orbit_family\\full_state_clean\\splits.json",
    "windows_summary": "D:\\MyVault\\Projects\\Julia\\ODEs_dataset\\data\\processed\\v1_core\\lotka_volterra\\orbit_family\\full_state_clean\\windows_summary.json"
  },
  "generator_commit_hash_or_local_placeholder": "local_uncommitted_or_unknown",
  "initial_condition_policy": {
    "type": "manual_orbit_family",
    "description": "Positive initial conditions around the equilibrium (3.0, 1.5), chosen to cover multiple invariant levels without approaching the axes.",
    "values": [
      [
        3.25,
        1.5
      ],
      [
        2.75,
        1.5
      ],
      [
        3.0,
        1.75
      ],
      [
        3.0,
        1.25
      ],
      [
        3.6,
        1.5
      ],
      [
        2.4,
        1.5
      ],
      [
        3.0,
        2.1
      ],
      [
        3.0,
        0.95
      ],
      [
        3.8,
        1.85
      ],
      [
        2.35,
        1.9
      ],
      [
        4.1,
        1.15
      ],
      [
        2.05,
        1.1
      ],
      [
        4.4,
        2.0
      ],
      [
        1.95,
        2.1
      ],
      [
        4.55,
        0.9
      ],
      [
        1.85,
        0.85
      ],
      [
        3.45,
        2.35
      ],
      [
        2.65,
        2.45
      ],
      [
        3.55,
        0.7
      ],
      [
        2.55,
        0.68
      ],
      [
        4.75,
        1.65
      ],
      [
        1.75,
        1.7
      ],
      [
        3.9,
        2.55
      ],
      [
        2.15,
        0.62
      ]
    ]
  },
  "num_trajectories": 24,
  "observation_dim": 2,
  "observation_id": "lotka_volterra_full_state_clean",
  "parameter_domain": {
    "alpha": [
      1.5,
      1.5
    ],
    "beta": [
      1.0,
      1.0
    ],
    "gamma": [
      3.0,
      3.0
    ],
    "delta": [
      1.0,
      1.0
    ]
  },
  "seed": 20260429,
  "solver_abstol": 0.0,
  "solver_name": "fixed_step_rk4",
  "solver_reltol": 0.0,
  "split_counts": {
    "test": 3,
    "train": 17,
    "val": 4
  },
  "split_id": "lotka_volterra_orbit_family_split_i",
  "state_dim": 2,
  "system_id": "lotka_volterra",
  "system_metadata": {
    "alpha": 1.5,
    "beta": 1.0,
    "delta": 1.0,
    "dt": 0.005,
    "family": "v1_core",
    "gamma": 3.0,
    "invariant": "H(x,y) = delta*x - gamma*log(x) + beta*y - alpha*log(y)",
    "local_frequency": 2.1213203435596424,
    "positive_equilibrium": [
      3.0,
      1.5
    ],
    "solver_abstol": 0.0,
    "solver_name": "fixed_step_rk4",
    "solver_reltol": 0.0,
    "state_dim": 2,
    "system_id": "lotka_volterra",
    "trajectory_length": 4000,
    "tspan": [
      0.0,
      20.0
    ],
    "variant": "orbit_family_fixed_parameters_full_state",
    "vector_field": "x_dot = alpha*x - beta*x*y; y_dot = delta*x*y - gamma*y"
  },
  "task_ids": [
    "lotka_volterra_one_step_forecast",
    "lotka_volterra_rollout_orbit_family",
    "lotka_volterra_long_time_statistics"
  ],
  "trajectory_length": 4000,
  "tspan": [
    0.0,
    20.0
  ],
  "variant": "orbit_family_fixed_parameters_full_state",