{
  "a_default": 0.2,
  "array_layout": "state_dim_by_time_by_trajectory",
  "b_default": 0.2,
  "benchmark_id": "rossler_standard_chaotic_fullobs_v1_standard",
  "burn_in_steps": 2500,
  "burn_in_time": 50.0,
  "c_default": 5.7,
  "created_at": "2026-04-29T11:42:04.960",
  "dataset_version": "0.1.0-dev",
  "diagnostics": {
    "a": 0.2,
    "active_attractor_trajectory_count": 48,
    "all_states_finite": true,
    "array_layout": "state_dim_by_time",
    "b": 0.2,
    "burn_in_time": 50.0,
    "c": 5.7,
    "divergence_max": 5.933071838415683,
    "divergence_mean": -5.349079121636367,
    "divergence_min": -14.605600202669777,
    "dt": 0.02,
    "family": "v1_core",
    "formal_passed": true,
    "full_state_observation_error_max": 0.0,
    "is_mean_dissipative": true,
    "max_y_positive_crossing_count": 14,
    "num_trajectories": 48,
    "one_step_window_counts": {
      "test": 28000,
      "train": 136000,
      "val": 28000
    },
    "rk4_self_residual_max": 0.0,
    "rollout_window_counts": {
      "h1000": {
        "test": 21007,
        "train": 102034,
        "val": 21007
      },
      "h250": {
        "test": 26257,
        "train": 127534,
        "val": 26257
      },
      "h50": {
        "test": 27657,
        "train": 134334,
        "val": 27657
      }
    },
    "smoke_passed": true,
    "split_counts": {
      "test": 7,
      "train": 34,
      "val": 7
    },
    "standard_passed": true,
    "state_covariance": [
      [
        27.05089517088834,
        -4.692139232711226,
        4.7378331525447805
      ],
      [
        -4.692139232711226,
        23.7197903483519,
        2.3440200489662693
      ],
      [
        4.7378331525447805,
        2.3440200489662693,
        7.62065852232724
      ]
    ],
    "state_matrix_size": [
      3,
      4001
    ],
    "state_mean": [
      0.15092087836363233,
      -0.8807110164207083,
      0.8911178357687217
    ],
    "state_norm_max": 23.6020497557162,
    "state_variance": [
      27.05089517088818,
      23.719790348351886,
      7.620658522327267
    ],
    "statistics_window_counts": {
      "test": 14014,
      "train": 68068,
      "val": 14014
    },
    "step_increment_max": 1.284187503028733,
    "step_increment_mean": 0.1741032138950997,
    "step_increment_min": 0.04989788107362172,
    "system_id": "rossler_standard",
    "trajectory_length": 4000,
    "tspan": [
      0.0,
      80.0
    ],
    "variant": "standard_chaotic_standard_full_state",
    "velocity_norm_max": 64.27414179008521,
    "x_max": 11.433071838415684,
    "x_min": -9.105600202669775,
    "x_span": 20.53867204108546,
    "x_span_by_trajectory": [
      20.41925221051904,
      20.41929979216844,
      19.56087739614687,
      20.534365860004783,
      20.510006262565273,
      20.311411873749652,
      20.376294521287214,
      20.509354789114084,
      19.778545154220033,
      19.243335606520937,
      20.520335135659455,
      20.53867204108546,
      19.957883972502593,
      19.294709152653496,
      20.53849704812967,
      20.491470547482724,
      20.385407489236634,
      19.202292071124916,
      20.535145611141935,
      19.57000596569275,
      20.431994791506874,
      20.36908962849389,
      20.33421597767513,
      20.53276077497134,
      20.407073010572507,
      20.457682315856424,
      20.480628171481435,
      20.52868192994609,
      20.31936695899503,
      20.267007784947562,
      20.527970095402758,
      20.496842898069623,
      20.535106933616262,
      20.398814777961128,
      20.527360416391126,
      20.532517231190248,
      19.15127817829906,
      19.4564417735956,
      20.407391741050795,
      20.07587603045529,
      20.230875308068214,
      20.511899648024908,
      20.53569835636273,
      20.24080370356066,
      19.559905466547043,
      20.53796584011282,
      20.30847452611004,
      20.53465469613527
    ],
    "y_max": 7.840311997438457,
    "y_min": -10.790600947399748,
    "y_positive_crossing_counts": [
      14,
      14,
      14,
      13,
      13,
      13,
      13,
      14,
      14,
      13,
      13,
      14,
      13,
      13,
      13,
      14,
      14,
      14,
      14,
      14,
      14,
      14,
      14,
      13,
      13,
      13,
      13,
      13,
      13,
      13,
      14,
      14,
      14,
      14,
      14,
      14,
      13,
      14,
      14,
      14,
      14,
      13,
      14,
      14,
      14,
      14,
      13,
      13
    ],
    "y_span": 18.630912944838204,
    "y_span_by_trajectory": [
      18.50542888150472,
      18.505458832539354,
      17.88298963466293,
      18.627062543350156,
      18.60119992434505,
      18.39340943958459,
      18.46278181200336,
      18.479893959459304,
      17.842063657955215,
      17.292612062732964,
      18.23497039231486,
      18.630912944838204,
      18.025633610032095,
      17.346711248319167,
      18.63078279101631,
      18.58258019909082,
      18.47073722301328,
      16.76880180577768,
      18.628151603380346,
      17.612059649379045,
      18.518795314276556,
      18.45379857070649,
      18.29942048751979,
      18.625427884574695,
      18.494629112571573,
      18.546433025646998,
      18.57052578517915,
      18.62059107926021,
      18.400778504904014,
      18.34892120423878,
      18.61993814757048,
      18.58753189353296,
      18.62813656408389,
      18.485289799697533,
      18.619079705927778,
      18.625463641148432,
      17.200845290567564,
      17.51175280144019,
      18.48356320860423,
      18.147723039548936,
      18.30977937277312,
      18.603955850834662,
      18.627744899647254,
      18.320214756096586,
      17.618138740052363,
      18.630368494948755,
      18.391135251292088,
      18.626808540780168
    ],
    "z_max": 22.849890400904375,
    "z_min": 0.013527542849856801,
    "z_span": 22.836362858054517,
    "z_span_by_trajectory": [
      22.2712918862939,
      22.27254741091167,
      18.323582764848748,
      22.811798374158812,
      22.69895178269114,
      21.748540783060157,
      22.0643337541718,
      22.62217274964489,
      19.31099140983844,
      16.94233780520936,
      22.750018666402408,
      22.64713888951983,
      20.12258815574812,
      17.16943345997445,
      22.836362661842447,
      22.596105576406977,
      22.112451347409564,
      16.944776339425715,
      22.804963638391285,
      18.501847874048458,
      22.331535361805685,
      22.015828415374703,
      22.41330849120976,
      22.803607192490627,
      22.200507678930872,
      22.448989616524393,
      22.554584221771083,
      22.77949563201171,
      21.79490627613103,
      22.61442835348388,
      22.785431676582878,
      22.634540177597444,
      22.811956260172483,
      22.15701263649204,
      22.777280734645093,
      22.79457421161606,
      16.552173222760093,
      17.861021860902007,
      22.689952398543284,
      20.654835605186786,
      21.327854668343896,
      22.698374006395834,
      22.82309875697337,
      21.42535354916518,
      18.334683875692924,
      22.824898966278003,
      21.750486445168928,
      22.810221694703433
    ]
  },
  "dt": 0.02,
  "family": "v1_core",
  "generated_files": {
    "diagnostics_table": "D:\\MyVault\\Projects\\Julia\\ODEs_dataset\\reports\\tables\\rossler_standard\\standard\\rossler_diagnostics.csv",
    "log": "D:\\MyVault\\Projects\\Julia\\ODEs_dataset\\reports\\logs\\rossler_standard\\standard\\generate_rossler_standard.log",