coordinate,min,max,span
x,-9.064922976098256,11.378294794918192,20.44321777101645
y,-10.742537266194283,7.805477632725961,18.548014898920243
z,0.013564808588590795,22.311292651863337,22.297727843274746
