coordinate,min,max
x,-19.11448192001822,19.11448192001822
y,-26.265248358161795,26.265248358161795
z,2.4095513350910718,46.937324301419835
