{
  "array_layout": "state_dim_by_time_by_trajectory",
  "benchmark_id": "lorenz63_standard_chaotic_fullobs_v1_smoke",
  "beta_default": 2.6666666666666665,
  "burn_in_steps": 500,
  "burn_in_time": 5.0,
  "created_at": "2026-04-29T11:16:11.758",
  "dataset_version": "0.1.0-dev",
  "diagnostics": {
    "all_states_finite": true,
    "array_layout": "state_dim_by_time",
    "beta": 2.6666666666666665,
    "burn_in_time": 5.0,
    "divergence": -13.666666666666666,
    "double_wing_trajectory_count": 6,
    "dt": 0.01,
    "equilibria": [
      [
        0.0,
        0.0,
        0.0
      ],
      [
        8.48528137423857,
        8.48528137423857,
        27.0
      ],
      [
        -8.48528137423857,
        -8.48528137423857,
        27.0
      ]
    ],
    "equilibrium_count": 3,
    "equilibrium_jacobian_determinants": [
      720.0,
      -1439.9999999999998,
      -1439.9999999999998
    ],
    "equilibrium_jacobian_traces": [
      -13.666666666666666,
      -13.666666666666666,
      -13.666666666666666
    ],
    "equilibrium_residual_max": 1.4210854715202004e-14,
    "family": "v1_core",
    "formal_passed": false,
    "full_state_observation_error_max": 0.0,
    "is_dissipative": true,
    "max_wing_switch_count": 11,
    "num_trajectories": 6,
    "one_step_window_counts": {
      "test": 2400,
      "train": 3600,
      "val": 1200
    },
    "rho": 28.0,
    "rk4_self_residual_max": 0.0,
    "rollout_window_counts": {
      "h200": {
        "test": 2002,
        "train": 3003,
        "val": 1001
      },
      "h50": {
        "test": 2302,
        "train": 3453,
        "val": 1151
      }
    },
    "separation_final_t3": 11.187720138671285,
    "separation_growth_t3": 0.5357577239546534,
    "separation_initial": 20.8820510436882,
    "sigma": 10.0,
    "smoke_passed": true,
    "split_counts": {
      "test": 2,
      "train": 3,
      "val": 1
    },
    "standard_passed": false,
    "state_covariance": [
      [
        62.76552540217343,
        63.01330311563023,
        0.6519737769484902
      ],
      [
        63.01330311563023,
        80.99654297055069,
        0.33504343052336305
      ],
      [
        0.6519737769484902,
        0.33504343052336305,
        71.6876657396103
      ]
    ],
    "state_matrix_size": [
      3,
      1201
    ],
    "state_mean": [
      0.04796244076931781,
      0.011284205804268177,
      23.583914661542046
    ],
    "state_norm_max": 48.8616101537811,
    "state_variance": [
      62.765525402173715,
      80.99654297055068,
      71.68766573961045
    ],
    "statistics_window_counts": {
      "test": 1604,
      "train": 2406,
      "val": 802
    },
    "system_id": "lorenz63",
    "trajectory_length": 1200,
    "tspan": [
      0.0,
      12.0
    ],
    "variant": "standard_chaotic_smoke_full_state",
    "velocity_norm_max": 334.09648452683695,
    "wing_switch_counts": [
      2,
      7,
      10,
      7,
      6,
      11
    ],
    "x_max": 17.431173693023997,
    "x_max_by_trajectory": [
      17.09414980864903,
      17.339889346345895,
      17.431173693023997,
      15.813708238230008,
      15.453667694324002,
      16.154784384085055
    ],
    "x_min": -18.024242591548322,
    "x_min_by_trajectory": [
      -15.72794645433402,
      -15.852631122540807,
      -16.59470059065173,
      -18.024242591548322,
      -18.017748937522693,
      -16.871733507938906
    ],
    "y_max": 23.116605660997113,
    "y_min": -24.230298409745796,
    "z_max": 44.77842712643666,
    "z_min": 5.573486672631849
  },
  "dt": 0.01,
  "family": "v1_core",
  "generated_files": {
    "diagnostics_table": "D:\\MyVault\\Projects\\Julia\\ODEs_dataset\\reports\\tables\\lorenz63\\smoke\\lorenz63_diagnostics.csv",
    "log": "D:\\MyVault\\Projects\\Julia\\ODEs_dataset\\reports\\logs\\lorenz63\\smoke\\run_lorenz63_smoke.log",
    "plots": [
      "D:\\MyVault\\Projects\\Julia\\ODEs_dataset\\reports\\plots\\lorenz63\\smoke\\lorenz63_phase3d.png",
      "D:\\MyVault\\Projects\\Julia\\ODEs_dataset\\reports\\plots\\lorenz63\\smoke\\lorenz63_projection_xy.png",
      "D:\\MyVault\\Projects\\Julia\\ODEs_dataset\\reports\\plots\\lorenz63\\smoke\\lorenz63_projection_xz.png",
      "D:\\MyVault\\Projects\\Julia\\ODEs_dataset\\reports\\plots\\lorenz63\\smoke\\lorenz63_projection_yz.png",
      "D:\\MyVault\\Projects\\Julia\\ODEs_dataset\\reports\\plots\\lorenz63\\smoke\\lorenz63_timeseries_xyz.png"
    ],
    "processed_trajectories": "D:\\MyVault\\Projects\\Julia\\ODEs_dataset\\data\\processed\\v1_core\\lorenz63\\smoke\\full_state\\lorenz63_observed.jld2",
    "raw_trajectories": "D:\\MyVault\\Projects\\Julia\\ODEs_dataset\\data\\raw\\v1_core\\lorenz63\\smoke\\lorenz63_raw.jld2",
    "split": "D:\\MyVault\\Projects\\Julia\\ODEs_dataset\\data\\processed\\v1_core\\lorenz63\\smoke\\full_state\\lorenz63_split_I.json",
    "split_window_counts_table": "D:\\MyVault\\Projects\\Julia\\ODEs_dataset\\reports\\tables\\lorenz63\\smoke\\lorenz63_split_window_counts.csv",
    "state_ranges_table": "D:\\MyVault\\Projects\\Julia\\ODEs_dataset\\reports\\tables\\lorenz63\\smoke\\lorenz63_state_ranges.csv",
    "statistics_table": "D:\\MyVault\\Projects\\Julia\\ODEs_dataset\\reports\\tables\\lorenz63\\smoke\\lorenz63_statistics.csv",
    "windows_summary": "D:\\MyVault\\Projects\\Julia\\ODEs_dataset\\data\\processed\\v1_core\\lorenz63\\smoke\\full_state\\lorenz63_windows_summary.json"
  },
  "generator_commit_hash_or_local_placeholder": "local_uncommitted_or_unknown",
  "initial_condition_policy": {
    "type": "manual_smoke_set",
    "description": "Small fixed Lorenz initial-condition ensemble with burn-in before retained attractor samples.",
    "values": [
      [
        1.0,
        1.0,
        1.0
      ],
      [
        -1.0,
        -1.0,
        20.0
      ],
      [
        5.0,
        5.0,
        5.0
      ],
      [
        -8.0,
        8.0,
        27.0
      ],
      [
        8.0,
        -8.0,
        25.0
      ],
      [
        0.1,
        0.0,
        20.0
      ]
    ]
  },
  "num_trajectories": 6,
  "observation_dim": 3,
  "observation_id": "lorenz63_full_state_clean",
  "parameter_domain": {
    "sigma": [
      10.0,
      10.0
    ],
    "rho": [
      28.0,
      28.0
    ],
    "beta": [
      2.6666666666666665,
      2.6666666666666665
    ]
  },
  "rho_default": 28.0,
  "seed": 20260429,
  "sigma_default": 10.0,
  "solver_abstol": 0.0,
  "solver_name": "fixed_step_rk4",
  "solver_reltol": 0.0,
  "split_counts": {
    "test": 2,
    "train": 3,
    "val": 1
  },
  "split_id": "lorenz63_smoke_split_i",
  "state_dim": 3,
  "system_id": "lorenz63",
  "system_metadata": {
    "beta": 2.6666666666666665,
    "burn_in_time": 5.0,
    "divergence": -13.666666666666666,
    "dt": 0.01,
    "equilibria": [
      [
        0.0,
        0.0,
        0.0
      ],
      [
        8.48528137423857,
        8.48528137423857,
        27.0
      ],
      [
        -8.48528137423857,
        -8.48528137423857,
        27.0
      ]
    ],
    "family": "v1_core",
    "jacobian": "[-sigma sigma 0; rho-z -1 -x; y x -beta]",
    "rho": 28.0,
    "sigma": 10.0,
    "solver_abstol": 0.0,
    "solver_name": "fixed_step_rk4",
    "solver_reltol": 0.0,
    "state_dim": 3,
    "system_id": "lorenz63",
    "trajectory_length": 1200,
    "tspan": [
      0.0,
      12.0
    ],
    "variant": "standard_chaotic_smoke_full_state",
    "vector_field": "x_dot = sigma*(y-x); y_dot = x*(rho-z)-y; z_dot = x*y-beta*z"
  },
  "task_ids": [
    "lorenz63_one_step_forecast",
    "lorenz63_rollout_smoke",
    "lorenz63_long_time_statistics_smoke"
  ],
  "trajectory_length": 1200,
  "tspan": [
    0.0,
    12.0
  ],
  "variant": "standard_chaotic_smoke_full_state",
  "window_ids": [
    "lorenz63_one_step_lag1",
    "lorenz63_rollout_smoke",
    "lorenz63_statistics_h400"
  ],
  "window_summary": {
    "one_step": {
      "counts": {
        "test": 2400,
        "train": 3600,
        "val": 1200
      },
      "lag": 1,