{
  "array_layout": "state_dim_by_time_by_trajectory",
  "benchmark_id": "lorenz63_standard_chaotic_fullobs_v1_standard",
  "beta_default": 2.6666666666666665,
  "burn_in_steps": 1000,
  "burn_in_time": 10.0,
  "created_at": "2026-04-29T11:15:46.507",
  "dataset_version": "0.1.0-dev",
  "diagnostics": {
    "all_states_finite": true,
    "array_layout": "state_dim_by_time",
    "beta": 2.6666666666666665,
    "burn_in_time": 10.0,
    "divergence": -13.666666666666666,
    "double_wing_trajectory_count": 48,
    "dt": 0.01,
    "equilibria": [
      [
        0.0,
        0.0,
        0.0
      ],
      [
        8.48528137423857,
        8.48528137423857,
        27.0
      ],
      [
        -8.48528137423857,
        -8.48528137423857,
        27.0
      ]
    ],
    "equilibrium_count": 3,
    "equilibrium_jacobian_determinants": [
      720.0,
      -1439.9999999999998,
      -1439.9999999999998
    ],
    "equilibrium_jacobian_traces": [
      -13.666666666666666,
      -13.666666666666666,
      -13.666666666666666
    ],
    "equilibrium_residual_max": 1.4210854715202004e-14,
    "family": "v1_core",
    "formal_passed": true,
    "full_state_observation_error_max": 0.0,
    "is_dissipative": true,
    "max_wing_switch_count": 30,
    "num_trajectories": 48,
    "one_step_window_counts": {
      "test": 28000,
      "train": 136000,
      "val": 28000
    },
    "rho": 28.0,
    "rk4_self_residual_max": 0.0,
    "rollout_window_counts": {
      "h1000": {
        "test": 21007,
        "train": 102034,
        "val": 21007
      },
      "h200": {
        "test": 26607,
        "train": 129234,
        "val": 26607
      },
      "h50": {
        "test": 27657,
        "train": 134334,
        "val": 27657
      }
    },
    "separation_final_t3": 26.18248266739455,
    "separation_growth_t3": 1.2054772408470305,
    "separation_initial": 21.719599325655775,
    "sigma": 10.0,
    "smoke_passed": true,
    "split_counts": {
      "test": 7,
      "train": 34,
      "val": 7
    },
    "standard_passed": true,
    "state_covariance": [
      [
        62.68295129125064,
        62.70560751587998,
        -2.8391074774032945e-15
      ],
      [
        62.70560751587998,
        81.15363496309341,
        3.0782649880102444e-17
      ],
      [
        -2.8391074774032945e-15,
        3.0782649880102444e-17,
        74.55956777498412
      ]
    ],
    "state_matrix_size": [
      3,
      4001
    ],
    "state_mean": [
      -8.147647718916618e-16,
      1.1211559881768265e-15,
      23.523692423260616
    ],
    "state_norm_max": 51.26927858376421,
    "state_variance": [
      62.68295129125049,
      81.15363496309368,
      74.55956777498547
    ],
    "statistics_window_counts": {
      "test": 14014,
      "train": 68068,
      "val": 14014
    },
    "system_id": "lorenz63",
    "trajectory_length": 4000,
    "tspan": [
      0.0,
      40.0
    ],
    "variant": "standard_chaotic_standard_full_state",
    "velocity_norm_max": 394.4914562935574,
    "wing_switch_counts": [
      21,
      20,
      20,
      22,
      21,
      29,
      24,
      20,
      30,
      26,
      18,
      24,
      20,
      29,
      16,
      20,
      19,
      24,
      24,
      17,
      23,
      19,
      25,
      25,
      19,
      25,
      25,
      24,
      17,
      23,
      20,
      19,
      24,
      20,
      29,
      16,
      26,
      18,
      24,
      24,
      20,
      30,
      22,
      21,
      29,
      21,
      20,
      20
    ],
    "x_max": 19.11448192001822,
    "x_max_by_trajectory": [
      17.618652226092706,
      18.127537147515795,
      18.008788618451813,
      18.32417648599339,
      17.684915693329756,
      17.869582248382578,
      17.002672467848036,
      17.654468756954085,
      17.174785511044682,
      17.236654952611918,
      17.200392975778875,
      17.872037607003495,
      17.910963954165606,
      17.671499632854598,
      17.012504628359064,
      18.276181382580724,
      18.10089658521146,
      16.931426809616227,
      17.385482235231255,
      19.11448192001822,
      17.022153142491895,
      18.775128674367604,
      18.16919714137292,
      17.164573324070844,
      17.823482261119054,
      17.934258442362882,
      17.269624355680065,
      16.603945244865994,
      18.467404984920055,
      17.64385626425758,
      17.671643540934166,
      17.47426284976356,
      18.48848623963338,
      17.90201474338887,
      17.539904005058904,
      18.62852474959461,
      17.038201424145328,
      18.843870347810935,
      17.493672074058107,
      18.124649252290656,
      16.956821025174943,
      16.53296781659267,
      17.40362401385645,
      17.706531819437995,
      17.613199409593967,
      17.677470344234912,
      18.085993183492196,
      18.280961078232718
    ],
    "x_min": -19.11448192001822,
    "x_min_by_trajectory": [
      -17.677470344234912,
      -18.085993183492196,
      -18.280961078232718,
      -17.40362401385645,
      -17.706531819437995,
      -17.613199409593967,
      -18.124649252290656,
      -16.956821025174943,
      -16.53296781659267,
      -17.038201424145328,
      -18.843870347810935,
      -17.493672074058107,
      -17.90201474338887,
      -17.539904005058904,
      -18.62852474959461,
      -17.671643540934166,
      -17.47426284976356,
      -18.48848623963338,
      -16.603945244865994,
      -18.467404984920055,
      -17.64385626425758,
      -17.823482261119054,
      -17.934258442362882,
      -17.269624355680065,
      -18.775128674367604,
      -18.16919714137292,
      -17.164573324070844,
      -17.385482235231255,
      -19.11448192001822,
      -17.022153142491895,
      -18.276181382580724,
      -18.10089658521146,
      -16.931426809616227,
      -17.910963954165606,
      -17.671499632854598,
      -17.012504628359064,
      -17.236654952611918,
      -17.200392975778875,
      -17.872037607003495,
      -17.002672467848036,
      -17.654468756954085,
      -17.174785511044682,
      -18.32417648599339,
      -17.684915693329756,
      -17.869582248382578,
      -17.618652226092706,
      -18.127537147515795,
      -18.008788618451813
    ],
    "y_max": 26.265248358161795,
    "y_min": -26.265248358161795,
    "z_max": 46.937324301419835,
    "z_min": 2.4095513350910718
  },
  "dt": 0.01,
  "family": "v1_core",
  "generated_files": {
    "diagnostics_table": "D:\\MyVault\\Projects\\Julia\\ODEs_dataset\\reports\\tables\\lorenz63\\standard\\lorenz63_diagnostics.csv",
    "log": "D:\\MyVault\\Projects\\Julia\\ODEs_dataset\\reports\\logs\\lorenz63\\standard\\generate_lorenz63_standard.log",
    "plots": [
      "D:\\MyVault\\Projects\\Julia\\ODEs_dataset\\reports\\plots\\lorenz63\\standard\\lorenz63_phase3d.png",
      "D:\\MyVault\\Projects\\Julia\\ODEs_dataset\\reports\\plots\\lorenz63\\standard\\lorenz63_projection_xy.png",
      "D:\\MyVault\\Projects\\Julia\\ODEs_dataset\\reports\\plots\\lorenz63\\standard\\lorenz63_projection_xz.png",
      "D:\\MyVault\\Projects\\Julia\\ODEs_dataset\\reports\\plots\\lorenz63\\standard\\lorenz63_projection_yz.png",
      "D:\\MyVault\\Projects\\Julia\\ODEs_dataset\\reports\\plots\\lorenz63\\standard\\lorenz63_timeseries_xyz.png"
    ],
    "processed_trajectories": "D:\\MyVault\\Projects\\Julia\\ODEs_dataset\\data\\processed\\v1_core\\lorenz63\\standard\\full_state\\lorenz63_observed.jld2",
    "raw_trajectories": "D:\\MyVault\\Projects\\Julia\\ODEs_dataset\\data\\raw\\v1_core\\lorenz63\\standard\\lorenz63_raw.jld2",
    "split": "D:\\MyVault\\Projects\\Julia\\ODEs_dataset\\data\\processed\\v1_core\\lorenz63\\standard\\full_state\\lorenz63_split_I.json",
    "split_window_counts_table": "D:\\MyVault\\Projects\\Julia\\ODEs_dataset\\reports\\tables\\lorenz63\\standard\\lorenz63_split_window_counts.csv",
    "state_ranges_table": "D:\\MyVault\\Projects\\Julia\\ODEs_dataset\\reports\\tables\\lorenz63\\standard\\lorenz63_state_ranges.csv",