{
  "array_layout": "state_dim_by_time_by_trajectory",
  "benchmark_id": "v1_core_linear_oscillator_damped_full_state",
  "continuous_eigenvalues": {
    "lambda_minus": {
      "abs": 1.0,
      "angle": -1.6208171836006666,
      "imag": -0.998749217771909,
      "real": -0.05
    },
    "lambda_plus": {
      "abs": 1.0,
      "angle": 1.6208171836006666,
      "imag": 0.998749217771909,
      "real": -0.05
    }
  },
  "continuous_matrix_A": [
    [
      0.0,
      1.0
    ],
    [
      -1.0,
      -0.1
    ]
  ],
  "created_at": "2026-04-28T13:52:15.123",
  "dataset_version": "1.0.0-preview",
  "diagnostics": {
    "array_layout": "state_dim_by_time",
    "by_horizon": {
      "h100": {
        "rollout_horizon": 100,
        "rollout_residual_max": 3.58724037616909e-15,
        "rollout_residual_mean": 2.230415556469354e-16,
        "sampled_starts_per_trajectory": 8
      },
      "h25": {
        "rollout_horizon": 25,
        "rollout_residual_max": 1.897149936107019e-15,
        "rollout_residual_mean": 1.131074720065777e-16,
        "sampled_starts_per_trajectory": 8
      },
      "h500": {
        "rollout_horizon": 500,
        "rollout_residual_max": 6.853098368756236e-15,
        "rollout_residual_mean": 4.612392515816424e-16,
        "sampled_starts_per_trajectory": 8
      }
    },
    "continuous_eigenvalues": {
      "lambda_minus": {
        "abs": 1.0,
        "angle": -1.6208171836006666,
        "imag": -0.998749217771909,
        "real": -0.05
      },
      "lambda_plus": {
        "abs": 1.0,
        "angle": 1.6208171836006666,
        "imag": 0.998749217771909,
        "real": -0.05
      }
    },
    "discrete_eigenvalues": {
      "rho_minus": {
        "abs": 0.999000499833375,
        "angle": -0.019974984355438177,
        "imag": -0.019953692372933037,
        "real": 0.9988012058603151
      },
      "rho_plus": {
        "abs": 0.999000499833375,
        "angle": 0.019974984355438177,
        "imag": 0.019953692372933037,
        "real": 0.9988012058603151
      }
    },
    "discrete_spectrum_abs_error_max": 2.2473876566261383e-16,
    "discrete_spectrum_modulus_error_from_one_max": 0.000999500166624978,
    "discrete_spectrum_modulus_max": 0.999000499833375,
    "discrete_spectrum_modulus_min": 0.999000499833375,
    "dt": 0.02,
    "energy_drift_max": 3.936897909425127,
    "energy_drift_mean": 1.3672152989472317,
    "energy_final_ratio_max": 0.002537141787610885,
    "energy_final_ratio_mean": 0.0024794024853401894,
    "energy_relative_drift_max": 0.9975782615142643,
    "energy_step_increase_max": -2.226843874770547e-11,
    "family": "v1_core",
    "formal_passed": true,
    "full_state_observation_error_max": 0.0,
    "gamma": 0.05,
    "max_one_step_residual": 0.0,
    "num_trajectories": 256,
    "omega0": 1.0,
    "one_step_window_counts": {
      "test": 114000,
      "train": 537000,
      "val": 117000
    },
    "rollout_residual_max": 6.853098368756236e-15,
    "rollout_window_counts": {
      "h100": {
        "test": 110238,
        "train": 519279,
        "val": 113139
      },
      "h25": {
        "test": 113088,
        "train": 532704,
        "val": 116064
      },
      "h500": {
        "test": 95038,
        "train": 447679,
        "val": 97539
      }
    },
    "smoke_passed": false,
    "split_counts": {
      "test": 38,
      "train": 179,
      "val": 39
    },
    "state_matrix_size": [
      2,
      3001
    ],
    "system_id": "linear_oscillator",
    "trajectory_length": 3000,
    "variant": "damped_v1_core"
  },
  "discrete_eigenvalues": {
    "rho_minus": {
      "abs": 0.999000499833375,
      "angle": -0.019974984355438177,
      "imag": -0.019953692372933037,
      "real": 0.9988012058603151
    },
    "rho_plus": {
      "abs": 0.999000499833375,
      "angle": 0.019974984355438177,
      "imag": 0.019953692372933037,
      "real": 0.9988012058603151
    }
  },
  "discrete_matrix_F": [
    [
      0.9998001399279407,
      0.01997868135250945
    ],
    [
      -0.01997868135250945,
      0.9978022717926897
    ]
  ],
  "dt": 0.02,
  "family": "v1_core",
  "gamma": 0.05,
  "generated_files": {
    "diagnostics_table": "D:\\MyVault\\Projects\\Julia\\ODEs_dataset\\reports\\tables\\v1_core\\linear_oscillator\\damped_full_state\\diagnostics.csv",
    "log": "D:\\MyVault\\Projects\\Julia\\ODEs_dataset\\reports\\logs\\v1_core\\linear_oscillator\\damped_full_state.log",
    "plots": [
      "D:\\MyVault\\Projects\\Julia\\ODEs_dataset\\reports\\plots\\v1_core\\linear_oscillator\\damped_full_state\\linear_oscillator_time_series.png",
      "D:\\MyVault\\Projects\\Julia\\ODEs_dataset\\reports\\plots\\v1_core\\linear_oscillator\\damped_full_state\\linear_oscillator_phase_portrait.png",
      "D:\\MyVault\\Projects\\Julia\\ODEs_dataset\\reports\\plots\\v1_core\\linear_oscillator\\damped_full_state\\linear_oscillator_energy.png",
      "D:\\MyVault\\Projects\\Julia\\ODEs_dataset\\reports\\plots\\v1_core\\linear_oscillator\\damped_full_state\\linear_oscillator_continuous_spectrum.png",
      "D:\\MyVault\\Projects\\Julia\\ODEs_dataset\\reports\\plots\\v1_core\\linear_oscillator\\damped_full_state\\linear_oscillator_discrete_spectrum.png"
    ],
    "processed_trajectories": "D:\\MyVault\\Projects\\Julia\\ODEs_dataset\\data\\processed\\v1_core\\linear_oscillator\\damped_full_state\\observed_trajectories.jld2",
    "raw_trajectories": "D:\\MyVault\\Projects\\Julia\\ODEs_dataset\\data\\raw\\v1_core\\linear_oscillator\\damped_full_state\\raw_trajectories.jld2",
    "split": "D:\\MyVault\\Projects\\Julia\\ODEs_dataset\\data\\processed\\v1_core\\linear_oscillator\\damped_full_state\\splits.json",
    "windows_summary": "D:\\MyVault\\Projects\\Julia\\ODEs_dataset\\data\\processed\\v1_core\\linear_oscillator\\damped_full_state\\windows_summary.json"
  },
  "initial_condition_policy": {
    "type": "box",
    "lower": [
      -2.0,
      -2.0
    ],
    "upper": [
      2.0,
      2.0
    ],
    "min_norm": 0.35
  },
  "num_trajectories": 256,
  "observation_dim": 2,
  "observation_id": "full_state_2d_clean",
  "omega0": 1.0,
  "seed": 20260429,
  "solver_abstol": 1.0e-12,
  "solver_name": "exact_discrete_linear",
  "solver_reltol": 1.0e-12,
  "split_counts": {
    "test": 38,
    "train": 179,
    "val": 39
  },
  "split_id": "linear_oscillator_v1_core_split_i",
  "state_dim": 2,
  "system_id": "linear_oscillator",
  "task_ids": [
    "linear_oscillator_one_step_forecast",
    "linear_oscillator_rollout_short",
    "linear_oscillator_spectrum_diagnostic",
    "linear_oscillator_state_reconstruction_full_state",
    "linear_oscillator_observation_reconstruction_full_state"
  ],
  "trajectory_length": 3000,
  "variant": "damped_v1_core",
  "window_ids": [
    "linear_oscillator_v1_core_windows"
  ],
  "window_summary": {
    "one_step": {
      "counts": {
        "test": 114000,
        "train": 537000,
        "val": 117000
      },
      "lag": 1,
      "samples_per_trajectory": 3000,
      "window_id": "linear_oscillator_v1_core_one_step_lag1"
    },
    "rollout": {
      "by_horizon": {
        "h100": {
          "counts": {
            "test": 110238,
            "train": 519279,
            "val": 113139
          },
          "horizon": 100,
          "starts_per_trajectory": 2901,
          "window_id": "linear_oscillator_rollout_h100"
        },
        "h25": {
          "counts": {
            "test": 113088,
            "train": 532704,
            "val": 116064
          },
          "horizon": 25,
          "starts_per_trajectory": 2976,
          "window_id": "linear_oscillator_rollout_h25"
        },
        "h500": {
          "counts": {
            "test": 95038,
            "train": 447679,
            "val": 97539
          },
          "horizon": 500,
          "starts_per_trajectory": 2501,
          "window_id": "linear_oscillator_rollout_h500"
        }
      },
      "horizons": [
        25,
        100,
        500
      ],